{
  "logistic": {
    "roc_auc": 0.5727449384819684,
    "precision": 0.0,
    "recall": 0.0,
    "f1": 0.0,
    "accuracy": 0.9972166666666666
  },
  "xgb": {
    "roc_auc": 0.8706080727085597,
    "precision": 0.0,
    "recall": 0.0,
    "f1": 0.0,
    "accuracy": 0.9971833333333333
  }
}