{
  "rf": {
    "rmse": 37811.97894916067,
    "mae": 16651.754999054898,
    "r2": 0.11099173656761108
  }
}